{
        "BackgroundImageFilename": "z1m1-metroid-ingame-regions-and-checklist.png",
        "Items": [
            {"Left":19,"Top":113,"Width":6,"Height":6,"DisplayLabel":"E","IsChecked":false,"TimelineIconFilename":""},
            {"Left":72,"Top":113,"Width":6,"Height":6,"DisplayLabel":"U","IsChecked":false,"TimelineIconFilename":""},
            {"Left":57,"Top":41,"Width":6,"Height":6,"DisplayLabel":"E","IsChecked":false,"TimelineIconFilename":""},
            {"Left":121,"Top":17,"Width":6,"Height":6,"DisplayLabel":"E","IsChecked":false,"TimelineIconFilename":""},
            {"Left":194,"Top":25,"Width":6,"Height":6,"DisplayLabel":"U","IsChecked":false,"TimelineIconFilename":""},
            {"Left":211,"Top":25,"Width":6,"Height":6,"DisplayLabel":"U","IsChecked":false,"TimelineIconFilename":""},
            {"Left":201,"Top":41,"Width":6,"Height":6,"DisplayLabel":"E","IsChecked":false,"TimelineIconFilename":""},
            {"Left":201,"Top":57,"Width":6,"Height":6,"DisplayLabel":"U","IsChecked":false,"TimelineIconFilename":""},
            {"Left":128,"Top":73,"Width":6,"Height":6,"DisplayLabel":"M","IsChecked":false,"TimelineIconFilename":""},
            {"Left":153,"Top":73,"Width":6,"Height":6,"DisplayLabel":"E","IsChecked":false,"TimelineIconFilename":""},
            {"Left":146,"Top":89,"Width":6,"Height":6,"DisplayLabel":"U","IsChecked":false,"TimelineIconFilename":""},
            {"Left":218,"Top":81,"Width":6,"Height":6,"DisplayLabel":"U","IsChecked":false,"TimelineIconFilename":""},
            {"Left":227,"Top":81,"Width":6,"Height":6,"DisplayLabel":"U","IsChecked":false,"TimelineIconFilename":""},
            {"Left":209,"Top":89,"Width":6,"Height":6,"DisplayLabel":"U","IsChecked":false,"TimelineIconFilename":""},
            {"Left":218,"Top":89,"Width":6,"Height":6,"DisplayLabel":"U","IsChecked":false,"TimelineIconFilename":""},
            {"Left":227,"Top":89,"Width":6,"Height":6,"DisplayLabel":"U","IsChecked":false,"TimelineIconFilename":""},
            {"Left":218,"Top":97,"Width":6,"Height":6,"DisplayLabel":"E","IsChecked":false,"TimelineIconFilename":""},
            {"Left":145,"Top":113,"Width":6,"Height":6,"DisplayLabel":"U","IsChecked":false,"TimelineIconFilename":""},
            {"Left":218,"Top":113,"Width":6,"Height":6,"DisplayLabel":"M","IsChecked":false,"TimelineIconFilename":""},
            {"Left":137,"Top":121,"Width":6,"Height":6,"DisplayLabel":"U","IsChecked":false,"TimelineIconFilename":""},
            {"Left":153,"Top":121,"Width":6,"Height":6,"DisplayLabel":"U","IsChecked":false,"TimelineIconFilename":""},
            {"Left":162,"Top":121,"Width":6,"Height":6,"DisplayLabel":"M","IsChecked":false,"TimelineIconFilename":""},
            {"Left":121,"Top":129,"Width":6,"Height":6,"DisplayLabel":"E","IsChecked":false,"TimelineIconFilename":""},
            {"Left":217,"Top":137,"Width":6,"Height":6,"DisplayLabel":"E","IsChecked":false,"TimelineIconFilename":""},
            {"Left":209,"Top":153,"Width":6,"Height":6,"DisplayLabel":"U","IsChecked":false,"TimelineIconFilename":""},
            {"Left":225,"Top":161,"Width":6,"Height":6,"DisplayLabel":"U","IsChecked":false,"TimelineIconFilename":""},
            {"Left":145,"Top":169,"Width":6,"Height":6,"DisplayLabel":"E","IsChecked":false,"TimelineIconFilename":""},
            {"Left":154,"Top":177,"Width":6,"Height":6,"DisplayLabel":"U","IsChecked":false,"TimelineIconFilename":""},
            {"Left":163,"Top":177,"Width":6,"Height":6,"DisplayLabel":"U","IsChecked":false,"TimelineIconFilename":""},
            {"Left":78,"Top":137,"Width":6,"Height":6,"DisplayLabel":"M","IsChecked":false,"TimelineIconFilename":""},
            {"Left":78,"Top":145,"Width":6,"Height":6,"DisplayLabel":"M","IsChecked":false,"TimelineIconFilename":""},
            {"Left":78,"Top":153,"Width":6,"Height":6,"DisplayLabel":"M","IsChecked":false,"TimelineIconFilename":""},
            {"Left":39,"Top":169,"Width":6,"Height":6,"DisplayLabel":"U","IsChecked":false,"TimelineIconFilename":""},
            {"Left":74,"Top":169,"Width":6,"Height":6,"DisplayLabel":"U","IsChecked":false,"TimelineIconFilename":""},
            {"Left":74,"Top":177,"Width":6,"Height":6,"DisplayLabel":"U","IsChecked":false,"TimelineIconFilename":""},
            {"Left":46,"Top":193,"Width":6,"Height":6,"DisplayLabel":"M","IsChecked":false,"TimelineIconFilename":""},
            {"Left":46,"Top":209,"Width":6,"Height":6,"DisplayLabel":"M","IsChecked":false,"TimelineIconFilename":""},
            {"Left":82,"Top":201,"Width":6,"Height":6,"DisplayLabel":"U","IsChecked":false,"TimelineIconFilename":""},
            {"Left":46,"Top":217,"Width":6,"Height":6,"DisplayLabel":"U","IsChecked":false,"TimelineIconFilename":""},
            {"Left":37,"Top":225,"Width":6,"Height":6,"DisplayLabel":"M","IsChecked":false,"TimelineIconFilename":""},
            {"Left":46,"Top":225,"Width":6,"Height":6,"DisplayLabel":"M","IsChecked":false,"TimelineIconFilename":""},
            {"Left":55,"Top":225,"Width":6,"Height":6,"DisplayLabel":"U","IsChecked":false,"TimelineIconFilename":""},
            {"Left":57,"Top":233,"Width":6,"Height":6,"DisplayLabel":"Q","IsChecked":false,"TimelineIconFilename":""},
            {"Left":146,"Top":193,"Width":6,"Height":6,"DisplayLabel":"U","IsChecked":false,"TimelineIconFilename":""},
            {"Left":113,"Top":201,"Width":6,"Height":6,"DisplayLabel":"M","IsChecked":false,"TimelineIconFilename":""},
            {"Left":138,"Top":201,"Width":6,"Height":6,"DisplayLabel":"U","IsChecked":false,"TimelineIconFilename":""},
            {"Left":147,"Top":201,"Width":6,"Height":6,"DisplayLabel":"M","IsChecked":false,"TimelineIconFilename":""},
            {"Left":156,"Top":201,"Width":6,"Height":6,"DisplayLabel":"M","IsChecked":false,"TimelineIconFilename":""},
            {"Left":165,"Top":201,"Width":6,"Height":6,"DisplayLabel":"M","IsChecked":false,"TimelineIconFilename":""},
            {"Left":174,"Top":201,"Width":6,"Height":6,"DisplayLabel":"M","IsChecked":false,"TimelineIconFilename":""},
            {"Left":113,"Top":217,"Width":6,"Height":6,"DisplayLabel":"M","IsChecked":false,"TimelineIconFilename":""},
            {"Left":190,"Top":217,"Width":6,"Height":6,"DisplayLabel":"U","IsChecked":false,"TimelineIconFilename":""},
            {"Left":217,"Top":217,"Width":6,"Height":6,"DisplayLabel":"U","IsChecked":false,"TimelineIconFilename":""},
            {"Left":121,"Top":233,"Width":6,"Height":6,"DisplayLabel":"Q","IsChecked":false,"TimelineIconFilename":""},
            {"Left":113,"Top":241,"Width":6,"Height":6,"DisplayLabel":"M","IsChecked":false,"TimelineIconFilename":""},
            {"Left":168,"Top":241,"Width":6,"Height":6,"DisplayLabel":"U","IsChecked":false,"TimelineIconFilename":""},
            {"Left":265,"Top":165,"Width":6,"Height":6,"DisplayLabel":" ","IsChecked":false,"TimelineIconFilename":"Kraid.png"},
            {"Left":301,"Top":165,"Width":6,"Height":6,"DisplayLabel":" ","IsChecked":false,"TimelineIconFilename":"Ridley.png"},
            {"Left":265,"Top":185,"Width":6,"Height":6,"DisplayLabel":" ","IsChecked":false,"TimelineIconFilename":"MorphBall.png"},
            {"Left":301,"Top":185,"Width":6,"Height":6,"DisplayLabel":" ","IsChecked":false,"TimelineIconFilename":"IceBeam.png"},
            {"Left":265,"Top":205,"Width":6,"Height":6,"DisplayLabel":" ","IsChecked":false,"TimelineIconFilename":"WaveBeam.png"},
            {"Left":301,"Top":205,"Width":6,"Height":6,"DisplayLabel":" ","IsChecked":false,"TimelineIconFilename":"LongBeam.png"},
            {"Left":265,"Top":225,"Width":6,"Height":6,"DisplayLabel":" ","IsChecked":false,"TimelineIconFilename":"Bombs.png"},
            {"Left":301,"Top":225,"Width":6,"Height":6,"DisplayLabel":" ","IsChecked":false,"TimelineIconFilename":"HighJump.png"},
            {"Left":265,"Top":245,"Width":6,"Height":6,"DisplayLabel":" ","IsChecked":false,"TimelineIconFilename":"ScrewAttack.png"},
            {"Left":301,"Top":245,"Width":6,"Height":6,"DisplayLabel":" ","IsChecked":false,"TimelineIconFilename":"Varia.png"}
    ] }
