{
  "DrawRoutes": true,
  "RoutesCanScreenScroll": false,
  "HighlightNearby": true,
  "ShowMagnifier": true,
  "MirrorOverworld": false,
  "ShopsFirst": true,
  "Zones": false,
  "Coords": false,
  "Gettables": true,
  "OpenCaves": false,
  "Voice_DungeonFeedback": true,
  "Voice_SwordHearts": true,
  "Voice_CoastItem": true,
  "Voice_RecorderPBSpotsAndBoomstickBook": false,
  "Voice_HaveKeyLadder": true,
  "Voice_Blockers": true,
  "Voice_DoorRepair": true,
  "Voice_OverworldOverwrites": true,
  "Visual_DungeonFeedback": true,
  "Visual_SwordHearts": true,
  "Visual_CoastItem": true,
  "Visual_RecorderPBSpotsAndBoomstickBook": false,
  "Visual_HaveKeyLadder": true,
  "Visual_Blockers": true,
  "Visual_DoorRepair": true,
  "Visual_OverworldOverwrites": true,
  "HideOverworldTile_Sword3": false,
  "HideOverworldTile_Sword2": false,
  "HideOverworldTile_Sword1": false,
  "HideOverworldTile_LargeSecret": false,
  "HideOverworldTile_MediumSecret": false,
  "HideOverworldTile_SmallSecret": false,
  "HideOverworldTile_DoorRepair": false,
  "HideOverworldTile_MoneyMakingGame": false,
  "HideOverworldTile_TheLetter": false,
  "HideOverworldTile_Armos": false,
  "HideOverworldTile_HintShop": false,
  "HideOverworldTile_TakeAny": false,
  "HideOverworldTile_Shop": false,
  "HideOverworldTile_AlwaysHideMeatShops": false,
  "UseBlurEffects": true,
  "AnimateTileChanges": true,
  "AnimateShopHighlights": true,
  "SaveOnCompletion": false,
  "SnoopSeedAndFlags": false,
  "DisplaySeedAndFlags": true,
  "ListenForSpeech": false,
  "RequirePTTForSpeech": false,
  "PlaySoundWhenUseSpeech": true,
  "BOARDInsteadOfLEVEL": false,
  "IsSecondQuestDungeons": false,
  "ShowBasementInfo": true,
  "DoDoorInference": false,
  "DefaultRoomPreferNonDescriptToMaybePushBlock": false,
  "GiveDungeonTrackerSunglasses": true,
  "LeftClickDragAutoInverts": false,
  "BookForHelpfulHints": false,
  "ShowMouseMagnifierWindow": false,
  "HideTimer": false,
  "ShowBroadcastWindow": false,
  "BroadcastWindowSize": 3,
  "BroadcastWindowIncludesOverworldMagnifier": false,
  "SmallerAppWindow": false,
  "SmallerAppWindowScaleFactor": 0.66666666666666663,
  "ShorterAppWindow": false,
  "IsMuted": false,
  "Volume": 30,
  "PreferredVoice": "",
  "MainWindowLT": "",
  "BroadcastWindowLT": "",
  "HotKeyWindowLTWH": "",
  "OverlayLocatorWindowLTWH": "",
  "MouseMagnifierWindowLTWH": "",
  "SpotSummaryPopout_DisplayedLT": "",
  "InventoryAndHeartsPopout_DisplayedLT": "",
  "RemainingItemsPoput_DisplayedLT": "",
  "DungeonSummaryTabMode": 0
}